,#date,#adm2+id,#adm2+code,#indicator+n_pixels+num,#indicator+vim+num,#indicator+vim_avg+num,#indicator+viq+pct
1638,2002-07-01,1003147,TD1501,888.0,0.4771,0.5156,93.1785
1639,2002-07-11,1003147,TD1501,888.0,0.5309,0.5762,92.757
1640,2002-07-21,1003147,TD1501,888.0,0.5951,0.636,94.0325
1641,2002-08-01,1003147,TD1501,888.0,0.6494,0.6811,95.6741
1642,2002-08-11,1003147,TD1501,888.0,0.6858,0.7061,97.3141
1643,2002-08-21,1003147,TD1501,888.0,0.7067,0.7147,98.9596
1644,2002-09-01,1003147,TD1501,888.0,0.7133,0.7104,100.3876
1645,2002-09-11,1003147,TD1501,888.0,0.7067,0.6972,101.2734
1646,2002-09-21,1003147,TD1501,888.0,0.6859,0.6765,101.3032
1647,2002-10-01,1003147,TD1501,888.0,0.6517,0.6483,100.4919
1648,2002-10-11,1003147,TD1501,888.0,0.6078,0.6132,99.1946
1649,2002-10-21,1003147,TD1501,888.0,0.5515,0.5696,97.0815
1650,2002-11-01,1003147,TD1501,888.0,0.4888,0.5211,94.3327
1651,2002-11-11,1003147,TD1501,888.0,0.4333,0.4745,92.138
1652,2002-11-21,1003147,TD1501,888.0,0.3864,0.4307,90.7765
1653,2002-12-01,1003147,TD1501,888.0,0.3489,0.3919,90.2569
1654,2002-12-11,1003147,TD1501,888.0,0.3204,0.3593,90.5104
1655,2002-12-21,1003147,TD1501,888.0,0.2988,0.3319,91.3405
1656,2003-01-01,1003147,TD1501,888.0,0.2815,0.308,92.5857
1657,2003-01-11,1003147,TD1501,888.0,0.2691,0.2903,93.7732
1658,2003-01-21,1003147,TD1501,888.0,0.2601,0.2775,94.6932
1659,2003-02-01,1003147,TD1501,888.0,0.2516,0.2661,95.4193
1660,2003-02-11,1003147,TD1501,888.0,0.2439,0.2565,95.8952
1661,2003-02-21,1003147,TD1501,888.0,0.2374,0.2488,96.1857
1662,2003-03-01,1003147,TD1501,888.0,0.2317,0.2427,96.257
1663,2003-03-11,1003147,TD1501,888.0,0.227,0.2383,96.0742
1664,2003-03-21,1003147,TD1501,888.0,0.2246,0.2374,95.5273
1665,2003-04-01,1003147,TD1501,888.0,0.2256,0.2402,94.9637
1666,2003-04-11,1003147,TD1501,888.0,0.2297,0.2461,94.482
1667,2003-04-21,1003147,TD1501,888.0,0.2363,0.2549,93.9005
1668,2003-05-01,1003147,TD1501,888.0,0.2469,0.2669,93.7043
1669,2003-05-11,1003147,TD1501,888.0,0.2653,0.2831,94.6442
1670,2003-05-21,1003147,TD1501,888.0,0.2963,0.3079,96.7491
1671,2003-06-01,1003147,TD1501,888.0,0.343,0.3446,99.5992
1672,2003-06-11,1003147,TD1501,888.0,0.4018,0.3924,102.12
1673,2003-06-21,1003147,TD1501,888.0,0.4697,0.4517,103.5852
1674,2003-07-01,1003147,TD1501,888.0,0.5387,0.5156,104.0806
1675,2003-07-11,1003147,TD1501,888.0,0.5975,0.5762,103.4029
1676,2003-07-21,1003147,TD1501,888.0,0.642,0.636,100.8692
1677,2003-08-01,1003147,TD1501,888.0,0.6702,0.6811,98.5136
1678,2003-08-11,1003147,TD1501,888.0,0.6847,0.7061,97.1773
1679,2003-08-21,1003147,TD1501,888.0,0.6892,0.7147,96.6658
1680,2003-09-01,1003147,TD1501,888.0,0.6847,0.7104,96.6195
1681,2003-09-11,1003147,TD1501,888.0,0.6738,0.6972,96.8686
1682,2003-09-21,1003147,TD1501,888.0,0.6602,0.6765,97.7585
1683,2003-10-01,1003147,TD1501,888.0,0.6435,0.6483,99.3154
1684,2003-10-11,1003147,TD1501,888.0,0.6214,0.6132,101.2393
1685,2003-10-21,1003147,TD1501,888.0,0.589,0.5696,103.1348
1686,2003-11-01,1003147,TD1501,888.0,0.5477,0.5211,104.6465
1687,2003-11-11,1003147,TD1501,888.0,0.5047,0.4745,105.7515
1688,2003-11-21,1003147,TD1501,888.0,0.4619,0.4307,106.4872
1689,2003-12-01,1003147,TD1501,888.0,0.4222,0.3919,106.8424
1690,2003-12-11,1003147,TD1501,888.0,0.3867,0.3593,106.6966
1691,2003-12-21,1003147,TD1501,888.0,0.3549,0.3319,106.0171
1692,2004-01-01,1003147,TD1501,888.0,0.325,0.308,104.7441
1693,2004-01-11,1003147,TD1501,888.0,0.3014,0.2903,103.2592
1694,2004-01-21,1003147,TD1501,888.0,0.2846,0.2775,102.1763
1695,2004-02-01,1003147,TD1501,888.0,0.2707,0.2661,101.4691
1696,2004-02-11,1003147,TD1501,888.0,0.2601,0.2565,101.167
1697,2004-02-21,1003147,TD1501,888.0,0.251,0.2488,100.7188
1698,2004-03-01,1003147,TD1501,888.0,0.2424,0.2427,99.8939
1699,2004-03-11,1003147,TD1501,888.0,0.237,0.2383,99.5464
1700,2004-03-21,1003147,TD1501,888.0,0.2382,0.2374,100.2784
1701,2004-04-01,1003147,TD1501,888.0,0.2442,0.2402,101.3501
1702,2004-04-11,1003147,TD1501,888.0,0.2521,0.2461,102.018
1703,2004-04-21,1003147,TD1501,888.0,0.2606,0.2549,101.8679
1704,2004-05-01,1003147,TD1501,888.0,0.271,0.2669,101.2973
1705,2004-05-11,1003147,TD1501,888.0,0.286,0.2831,100.8761
1706,2004-05-21,1003147,TD1501,888.0,0.3129,0.3079,101.3977
1707,2004-06-01,1003147,TD1501,888.0,0.3572,0.3446,103.2122
1708,2004-06-11,1003147,TD1501,888.0,0.4169,0.3924,105.5359
1709,2004-06-21,1003147,TD1501,888.0,0.4873,0.4517,107.0999
1710,2004-07-01,1003147,TD1501,888.0,0.5593,0.5156,107.7265
1711,2004-07-11,1003147,TD1501,888.0,0.6247,0.5762,107.7379
1712,2004-07-21,1003147,TD1501,888.0,0.6804,0.636,106.4689
1713,2004-08-01,1003147,TD1501,888.0,0.7202,0.6811,105.3523
1714,2004-08-11,1003147,TD1501,888.0,0.7383,0.7061,104.2596
1715,2004-08-21,1003147,TD1501,888.0,0.7359,0.7147,102.7733
1716,2004-09-01,1003147,TD1501,888.0,0.72,0.7104,101.2693
1717,2004-09-11,1003147,TD1501,888.0,0.6994,0.6972,100.2957
1718,2004-09-21,1003147,TD1501,888.0,0.6759,0.6765,99.9274
1719,2004-10-01,1003147,TD1501,888.0,0.6473,0.6483,99.8575
1720,2004-10-11,1003147,TD1501,888.0,0.6084,0.6132,99.2793
1721,2004-10-21,1003147,TD1501,888.0,0.5585,0.5696,98.2213
1722,2004-11-01,1003147,TD1501,888.0,0.5063,0.5211,97.4034
1723,2004-11-11,1003147,TD1501,888.0,0.4582,0.4745,96.8862
1724,2004-11-21,1003147,TD1501,888.0,0.4143,0.4307,96.5762
1725,2004-12-01,1003147,TD1501,888.0,0.3762,0.3919,96.4363
1726,2004-12-11,1003147,TD1501,888.0,0.3446,0.3593,96.4119
1727,2004-12-21,1003147,TD1501,888.0,0.3186,0.3319,96.517
1728,2005-01-01,1003147,TD1501,888.0,0.2966,0.308,96.8136
1729,2005-01-11,1003147,TD1501,888.0,0.2807,0.2903,97.1765
1730,2005-01-21,1003147,TD1501,888.0,0.2688,0.2775,97.3529
1731,2005-02-01,1003147,TD1501,888.0,0.2586,0.2661,97.6216
1732,2005-02-11,1003147,TD1501,888.0,0.2506,0.2565,98.0877
1733,2005-02-21,1003147,TD1501,888.0,0.2454,0.2488,98.8342
1734,2005-03-01,1003147,TD1501,888.0,0.2412,0.2427,99.4926
1735,2005-03-11,1003147,TD1501,888.0,0.2378,0.2383,99.808
1736,2005-03-21,1003147,TD1501,888.0,0.2353,0.2374,99.2468
1737,2005-04-01,1003147,TD1501,888.0,0.236,0.2402,98.5418
1738,2005-04-11,1003147,TD1501,888.0,0.2424,0.2461,98.7593
1739,2005-04-21,1003147,TD1501,888.0,0.2539,0.2549,99.672
1740,2005-05-01,1003147,TD1501,888.0,0.2672,0.2669,100.0831
1741,2005-05-11,1003147,TD1501,888.0,0.2798,0.2831,99.0011
1742,2005-05-21,1003147,TD1501,888.0,0.2979,0.3079,97.1978
1743,2005-06-01,1003147,TD1501,888.0,0.3284,0.3446,95.9056
1744,2005-06-11,1003147,TD1501,888.0,0.3746,0.3924,95.9741
1745,2005-06-21,1003147,TD1501,888.0,0.439,0.4517,97.4649
1746,2005-07-01,1003147,TD1501,888.0,0.5142,0.5156,99.7433
1747,2005-07-11,1003147,TD1501,888.0,0.5862,0.5762,101.5846
1748,2005-07-21,1003147,TD1501,888.0,0.649,0.636,101.8889
1749,2005-08-01,1003147,TD1501,888.0,0.6948,0.6811,101.8862
1750,2005-08-11,1003147,TD1501,888.0,0.7192,0.7061,101.7312
1751,2005-08-21,1003147,TD1501,888.0,0.7265,0.7147,101.5449
1752,2005-09-01,1003147,TD1501,888.0,0.7198,0.7104,101.2355
1753,2005-09-11,1003147,TD1501,888.0,0.7039,0.6972,100.896
1754,2005-09-21,1003147,TD1501,888.0,0.6799,0.6765,100.4668
1755,2005-10-01,1003147,TD1501,888.0,0.6457,0.6483,99.6342
1756,2005-10-11,1003147,TD1501,888.0,0.6029,0.6132,98.444
1757,2005-10-21,1003147,TD1501,888.0,0.5524,0.5696,97.2232
1758,2005-11-01,1003147,TD1501,888.0,0.4987,0.5211,96.0695
1759,2005-11-11,1003147,TD1501,888.0,0.4483,0.4745,95.0021
1760,2005-11-21,1003147,TD1501,888.0,0.4028,0.4307,94.1875
1761,2005-12-01,1003147,TD1501,888.0,0.3645,0.3919,93.8017
1762,2005-12-11,1003147,TD1501,888.0,0.3347,0.3593,94.0027
1763,2005-12-21,1003147,TD1501,888.0,0.3118,0.3319,94.7456
1764,2006-01-01,1003147,TD1501,888.0,0.2932,0.308,95.8769
1765,2006-01-11,1003147,TD1501,888.0,0.2796,0.2903,96.8502
1766,2006-01-21,1003147,TD1501,888.0,0.2683,0.2775,97.1891
1767,2006-02-01,1003147,TD1501,888.0,0.2573,0.2661,97.2285
1768,2006-02-11,1003147,TD1501,888.0,0.2483,0.2565,97.3103
1769,2006-02-21,1003147,TD1501,888.0,0.2417,0.2488,97.6146
1770,2006-03-01,1003147,TD1501,888.0,0.2363,0.2427,97.8408
1771,2006-03-11,1003147,TD1501,888.0,0.2322,0.2383,97.8775
1772,2006-03-21,1003147,TD1501,888.0,0.2317,0.2374,98.0103
1773,2006-04-01,1003147,TD1501,888.0,0.2347,0.2402,98.1031
1774,2006-04-11,1003147,TD1501,888.0,0.2411,0.2461,98.3253
1775,2006-04-21,1003147,TD1501,888.0,0.2538,0.2549,99.6259
1776,2006-05-01,1003147,TD1501,888.0,0.2752,0.2669,102.6045
1777,2006-05-11,1003147,TD1501,888.0,0.3056,0.2831,106.7467
1778,2006-05-21,1003147,TD1501,888.0,0.3459,0.3079,110.6145
1779,2006-06-01,1003147,TD1501,888.0,0.3921,0.3446,112.0588
1780,2006-06-11,1003147,TD1501,888.0,0.4394,0.3924,110.6221
1781,2006-06-21,1003147,TD1501,888.0,0.4879,0.4517,107.2197
1782,2006-07-01,1003147,TD1501,888.0,0.5386,0.5156,104.055
1783,2006-07-11,1003147,TD1501,888.0,0.5898,0.5762,102.1646
1784,2006-07-21,1003147,TD1501,888.0,0.6385,0.636,100.3602
1785,2006-08-01,1003147,TD1501,888.0,0.6791,0.6811,99.7326
1786,2006-08-11,1003147,TD1501,888.0,0.7046,0.7061,99.8024
1787,2006-08-21,1003147,TD1501,888.0,0.7136,0.7147,99.861
1788,2006-09-01,1003147,TD1501,888.0,0.7093,0.7104,99.8565
1789,2006-09-11,1003147,TD1501,888.0,0.696,0.6972,99.8382
1790,2006-09-21,1003147,TD1501,888.0,0.6748,0.6765,99.7718
1791,2006-10-01,1003147,TD1501,888.0,0.6457,0.6483,99.6328
1792,2006-10-11,1003147,TD1501,888.0,0.6098,0.6132,99.4923
1793,2006-10-21,1003147,TD1501,888.0,0.5648,0.5696,99.2258
1794,2006-11-01,1003147,TD1501,888.0,0.5151,0.5211,98.9439
1795,2006-11-11,1003147,TD1501,888.0,0.468,0.4745,98.7691
1796,2006-11-21,1003147,TD1501,888.0,0.4232,0.4307,98.4264
1797,2006-12-01,1003147,TD1501,888.0,0.3829,0.3919,97.9641
1798,2006-12-11,1003147,TD1501,888.0,0.3486,0.3593,97.3771
1799,2006-12-21,1003147,TD1501,888.0,0.3199,0.3319,96.8679
1800,2007-01-01,1003147,TD1501,888.0,0.2957,0.308,96.5647
1801,2007-01-11,1003147,TD1501,888.0,0.2795,0.2903,96.8172
1802,2007-01-21,1003147,TD1501,888.0,0.2704,0.2775,97.8419
1803,2007-02-01,1003147,TD1501,888.0,0.263,0.2661,99.018
1804,2007-02-11,1003147,TD1501,888.0,0.2557,0.2565,99.7302
1805,2007-02-21,1003147,TD1501,888.0,0.249,0.2488,100.0491
1806,2007-03-01,1003147,TD1501,888.0,0.2424,0.2427,99.919
1807,2007-03-11,1003147,TD1501,888.0,0.2368,0.2383,99.4772
1808,2007-03-21,1003147,TD1501,888.0,0.2338,0.2374,98.7251
1809,2007-04-01,1003147,TD1501,888.0,0.2342,0.2402,97.9021
1810,2007-04-11,1003147,TD1501,888.0,0.2392,0.2461,97.6631
1811,2007-04-21,1003147,TD1501,888.0,0.2482,0.2549,97.8027
1812,2007-05-01,1003147,TD1501,888.0,0.2599,0.2669,97.7816
1813,2007-05-11,1003147,TD1501,888.0,0.2753,0.2831,97.6525
1814,2007-05-21,1003147,TD1501,888.0,0.2986,0.3079,97.3995
1815,2007-06-01,1003147,TD1501,888.0,0.3336,0.3446,97.2143
1816,2007-06-11,1003147,TD1501,888.0,0.3825,0.3924,97.7446
1817,2007-06-21,1003147,TD1501,888.0,0.4455,0.4517,98.7581
1818,2007-07-01,1003147,TD1501,888.0,0.5168,0.5156,100.209
1819,2007-07-11,1003147,TD1501,888.0,0.5863,0.5762,101.6097
1820,2007-07-21,1003147,TD1501,888.0,0.6496,0.636,101.9725
1821,2007-08-01,1003147,TD1501,888.0,0.6957,0.6811,102.0019
1822,2007-08-11,1003147,TD1501,888.0,0.7165,0.7061,101.3845
1823,2007-08-21,1003147,TD1501,888.0,0.7167,0.7147,100.2682
1824,2007-09-01,1003147,TD1501,888.0,0.7034,0.7104,99.0867
1825,2007-09-11,1003147,TD1501,888.0,0.685,0.6972,98.3688
1826,2007-09-21,1003147,TD1501,888.0,0.6644,0.6765,98.3333
1827,2007-10-01,1003147,TD1501,888.0,0.6408,0.6483,98.9311
1828,2007-10-11,1003147,TD1501,888.0,0.6131,0.6132,99.9929
1829,2007-10-21,1003147,TD1501,888.0,0.5783,0.5696,101.4158
1830,2007-11-01,1003147,TD1501,888.0,0.5371,0.5211,102.7949
1831,2007-11-11,1003147,TD1501,888.0,0.4938,0.4745,103.6766
1832,2007-11-21,1003147,TD1501,888.0,0.4508,0.4307,104.1758
1833,2007-12-01,1003147,TD1501,888.0,0.41,0.3919,104.0779
1834,2007-12-11,1003147,TD1501,888.0,0.374,0.3593,103.5888
1835,2007-12-21,1003147,TD1501,888.0,0.3429,0.3319,102.8953
1836,2008-01-01,1003147,TD1501,888.0,0.3153,0.308,102.0474
1837,2008-01-11,1003147,TD1501,888.0,0.2956,0.2903,101.5393
1838,2008-01-21,1003147,TD1501,888.0,0.2828,0.2775,101.6418
1839,2008-02-01,1003147,TD1501,888.0,0.2722,0.2661,101.9452
1840,2008-02-11,1003147,TD1501,888.0,0.2633,0.2565,102.221
1841,2008-02-21,1003147,TD1501,888.0,0.2562,0.2488,102.4676
1842,2008-03-01,1003147,TD1501,888.0,0.2516,0.2427,103.0452
1843,2008-03-11,1003147,TD1501,888.0,0.2498,0.2383,103.9765
1844,2008-03-21,1003147,TD1501,888.0,0.2513,0.2374,104.8297
1845,2008-04-01,1003147,TD1501,888.0,0.2553,0.2402,105.1889
1846,2008-04-11,1003147,TD1501,888.0,0.2598,0.2461,104.6362
1847,2008-04-21,1003147,TD1501,888.0,0.2664,0.2549,103.7888
1848,2008-05-01,1003147,TD1501,888.0,0.2766,0.2669,103.0652
1849,2008-05-11,1003147,TD1501,888.0,0.2915,0.2831,102.5317
1850,2008-05-21,1003147,TD1501,888.0,0.3152,0.3079,102.0283
1851,2008-06-01,1003147,TD1501,888.0,0.3486,0.3446,101.0373
1852,2008-06-11,1003147,TD1501,888.0,0.3894,0.3924,99.3029
1853,2008-06-21,1003147,TD1501,888.0,0.4399,0.4517,97.6524
1854,2008-07-01,1003147,TD1501,888.0,0.5005,0.5156,97.3273
1855,2008-07-11,1003147,TD1501,888.0,0.5674,0.5762,98.5926
1856,2008-07-21,1003147,TD1501,888.0,0.6329,0.636,99.5356
1857,2008-08-01,1003147,TD1501,888.0,0.6803,0.6811,99.89
1858,2008-08-11,1003147,TD1501,888.0,0.7041,0.7061,99.746
1859,2008-08-21,1003147,TD1501,888.0,0.7082,0.7147,99.1455
1860,2008-09-01,1003147,TD1501,888.0,0.6992,0.7104,98.5337
1861,2008-09-11,1003147,TD1501,888.0,0.6835,0.6972,98.1624
1862,2008-09-21,1003147,TD1501,888.0,0.6608,0.6765,97.8478
1863,2008-10-01,1003147,TD1501,888.0,0.6309,0.6483,97.5145
1864,2008-10-11,1003147,TD1501,888.0,0.5918,0.6132,96.7732
1865,2008-10-21,1003147,TD1501,888.0,0.5433,0.5696,95.7551
1866,2008-11-01,1003147,TD1501,888.0,0.4914,0.5211,94.7941
1867,2008-11-11,1003147,TD1501,888.0,0.4432,0.4745,94.0308
1868,2008-11-21,1003147,TD1501,888.0,0.3998,0.4307,93.5626
1869,2008-12-01,1003147,TD1501,888.0,0.3631,0.3919,93.478
1870,2008-12-11,1003147,TD1501,888.0,0.3336,0.3593,93.7317
1871,2008-12-21,1003147,TD1501,888.0,0.31,0.3319,94.2668
1872,2009-01-01,1003147,TD1501,888.0,0.2912,0.308,95.3131
1873,2009-01-11,1003147,TD1501,888.0,0.278,0.2903,96.364
1874,2009-01-21,1003147,TD1501,888.0,0.2672,0.2775,96.8676
1875,2009-02-01,1003147,TD1501,888.0,0.2584,0.2661,97.5653
1876,2009-02-11,1003147,TD1501,888.0,0.2517,0.2565,98.4415
1877,2009-02-21,1003147,TD1501,888.0,0.2462,0.2488,99.1284
1878,2009-03-01,1003147,TD1501,888.0,0.2423,0.2427,99.8694
1879,2009-03-11,1003147,TD1501,888.0,0.2406,0.2383,100.7988
1880,2009-03-21,1003147,TD1501,888.0,0.2428,0.2374,101.8506
1881,2009-04-01,1003147,TD1501,888.0,0.2485,0.2402,102.8323
1882,2009-04-11,1003147,TD1501,888.0,0.2557,0.2461,103.2584
1883,2009-04-21,1003147,TD1501,888.0,0.2617,0.2549,102.2392
1884,2009-05-01,1003147,TD1501,888.0,0.2661,0.2669,99.735
1885,2009-05-11,1003147,TD1501,888.0,0.2707,0.2831,96.2884
1886,2009-05-21,1003147,TD1501,888.0,0.2804,0.3079,92.3141
1887,2009-06-01,1003147,TD1501,888.0,0.2996,0.3446,88.6175
1888,2009-06-11,1003147,TD1501,888.0,0.3307,0.3924,86.0422
1889,2009-06-21,1003147,TD1501,888.0,0.3758,0.4517,84.8781
1890,2009-07-01,1003147,TD1501,888.0,0.4361,0.5156,85.9435
1891,2009-07-11,1003147,TD1501,888.0,0.5076,0.5762,89.039
1892,2009-07-21,1003147,TD1501,888.0,0.5843,0.636,92.4648
1893,2009-08-01,1003147,TD1501,888.0,0.6473,0.6811,95.3787
1894,2009-08-11,1003147,TD1501,888.0,0.6847,0.7061,97.1742
1895,2009-08-21,1003147,TD1501,888.0,0.7034,0.7147,98.5304
1896,2009-09-01,1003147,TD1501,888.0,0.7053,0.7104,99.3372
1897,2009-09-11,1003147,TD1501,888.0,0.6925,0.6972,99.3731
1898,2009-09-21,1003147,TD1501,888.0,0.6679,0.6765,98.8202
1899,2009-10-01,1003147,TD1501,888.0,0.634,0.6483,97.9544
1900,2009-10-11,1003147,TD1501,888.0,0.5929,0.6132,96.939
1901,2009-10-21,1003147,TD1501,888.0,0.5448,0.5696,95.9993
1902,2009-11-01,1003147,TD1501,888.0,0.4952,0.5211,95.4505
1903,2009-11-11,1003147,TD1501,888.0,0.4497,0.4745,95.2793
1904,2009-11-21,1003147,TD1501,888.0,0.4073,0.4307,95.1342
1905,2009-12-01,1003147,TD1501,888.0,0.3703,0.3919,95.1004
1906,2009-12-11,1003147,TD1501,888.0,0.3397,0.3593,95.2186
1907,2009-12-21,1003147,TD1501,888.0,0.3142,0.3319,95.3782
1908,2010-01-01,1003147,TD1501,888.0,0.2918,0.308,95.4743
1909,2010-01-11,1003147,TD1501,888.0,0.275,0.2903,95.4873
1910,2010-01-21,1003147,TD1501,888.0,0.2637,0.2775,95.806
1911,2010-02-01,1003147,TD1501,888.0,0.2545,0.2661,96.3291
1912,2010-02-11,1003147,TD1501,888.0,0.2469,0.2565,96.8797
1913,2010-02-21,1003147,TD1501,888.0,0.2405,0.2488,97.2105
1914,2010-03-01,1003147,TD1501,888.0,0.2344,0.2427,97.1667
1915,2010-03-11,1003147,TD1501,888.0,0.2282,0.2383,96.4763
1916,2010-03-21,1003147,TD1501,888.0,0.2249,0.2374,95.6253
1917,2010-04-01,1003147,TD1501,888.0,0.2259,0.2402,95.0428
1918,2010-04-11,1003147,TD1501,888.0,0.23,0.2461,94.5516
1919,2010-04-21,1003147,TD1501,888.0,0.2373,0.2549,94.2157
1920,2010-05-01,1003147,TD1501,888.0,0.246,0.2669,93.4099
1921,2010-05-11,1003147,TD1501,888.0,0.2554,0.2831,91.6975
1922,2010-05-21,1003147,TD1501,888.0,0.2715,0.3079,89.8095
1923,2010-06-01,1003147,TD1501,888.0,0.3006,0.3446,88.8498
1924,2010-06-11,1003147,TD1501,888.0,0.3443,0.3924,89.1214
1925,2010-06-21,1003147,TD1501,888.0,0.4037,0.4517,90.4286
1926,2010-07-01,1003147,TD1501,888.0,0.4764,0.5156,93.0587
1927,2010-07-11,1003147,TD1501,888.0,0.5565,0.5762,96.8468
1928,2010-07-21,1003147,TD1501,888.0,0.6307,0.636,99.2153
1929,2010-08-01,1003147,TD1501,888.0,0.6789,0.6811,99.6985
1930,2010-08-11,1003147,TD1501,888.0,0.7002,0.7061,99.2229
1931,2010-08-21,1003147,TD1501,888.0,0.7044,0.7147,98.6594
1932,2010-09-01,1003147,TD1501,888.0,0.6977,0.7104,98.3391
1933,2010-09-11,1003147,TD1501,888.0,0.6863,0.6972,98.5442
1934,2010-09-21,1003147,TD1501,888.0,0.6715,0.6765,99.319
1935,2010-10-01,1003147,TD1501,888.0,0.6514,0.6483,100.4414
1936,2010-10-11,1003147,TD1501,888.0,0.6258,0.6132,101.9098
1937,2010-10-21,1003147,TD1501,888.0,0.5945,0.5696,104.0285
1938,2010-11-01,1003147,TD1501,888.0,0.558,0.5211,106.4538
1939,2010-11-11,1003147,TD1501,888.0,0.5198,0.4745,108.6319
1940,2010-11-21,1003147,TD1501,888.0,0.4805,0.4307,110.3599
1941,2010-12-01,1003147,TD1501,888.0,0.4422,0.3919,111.3697
1942,2010-12-11,1003147,TD1501,888.0,0.4066,0.3593,111.5546
1943,2010-12-21,1003147,TD1501,888.0,0.3742,0.3319,111.081
1944,2011-01-01,1003147,TD1501,888.0,0.3439,0.308,110.0343
1945,2011-01-11,1003147,TD1501,888.0,0.3203,0.2903,108.8108
1946,2011-01-21,1003147,TD1501,888.0,0.3028,0.2775,107.7383
1947,2011-02-01,1003147,TD1501,888.0,0.2867,0.2661,106.5138
1948,2011-02-11,1003147,TD1501,888.0,0.2731,0.2565,105.4136
1949,2011-02-21,1003147,TD1501,888.0,0.2628,0.2488,104.6718
1950,2011-03-01,1003147,TD1501,888.0,0.2549,0.2427,104.1717
1951,2011-03-11,1003147,TD1501,888.0,0.2484,0.2383,103.4969
1952,2011-03-21,1003147,TD1501,888.0,0.2437,0.2374,102.1601
1953,2011-04-01,1003147,TD1501,888.0,0.2418,0.2402,100.5207
1954,2011-04-11,1003147,TD1501,888.0,0.2442,0.2461,99.3458
1955,2011-04-21,1003147,TD1501,888.0,0.2515,0.2549,98.8993
1956,2011-05-01,1003147,TD1501,888.0,0.2631,0.2669,98.8128
1957,2011-05-11,1003147,TD1501,888.0,0.2783,0.2831,98.5712
1958,2011-05-21,1003147,TD1501,888.0,0.3001,0.3079,97.8055
1959,2011-06-01,1003147,TD1501,888.0,0.3307,0.3446,96.4856
1960,2011-06-11,1003147,TD1501,888.0,0.3701,0.3924,94.9431
1961,2011-06-21,1003147,TD1501,888.0,0.4197,0.4517,93.6126
1962,2011-07-01,1003147,TD1501,888.0,0.4785,0.5156,93.4412
1963,2011-07-11,1003147,TD1501,888.0,0.5445,0.5762,94.9271
1964,2011-07-21,1003147,TD1501,888.0,0.6135,0.636,96.7143
1965,2011-08-01,1003147,TD1501,888.0,0.6736,0.6811,98.9762
1966,2011-08-11,1003147,TD1501,888.0,0.7136,0.7061,100.9947
1967,2011-08-21,1003147,TD1501,888.0,0.7312,0.7147,102.159
1968,2011-09-01,1003147,TD1501,888.0,0.7289,0.7104,102.4433
1969,2011-09-11,1003147,TD1501,888.0,0.7121,0.6972,101.9975
1970,2011-09-21,1003147,TD1501,888.0,0.6847,0.6765,101.1374
1971,2011-10-01,1003147,TD1501,888.0,0.6498,0.6483,100.216
1972,2011-10-11,1003147,TD1501,888.0,0.6092,0.6132,99.4003
1973,2011-10-21,1003147,TD1501,888.0,0.5621,0.5696,98.7976
1974,2011-11-01,1003147,TD1501,888.0,0.5127,0.5211,98.528
1975,2011-11-11,1003147,TD1501,888.0,0.4652,0.4745,98.2185
1976,2011-11-21,1003147,TD1501,888.0,0.4204,0.4307,97.8448
1977,2011-12-01,1003147,TD1501,888.0,0.3812,0.3919,97.5686
1978,2011-12-11,1003147,TD1501,888.0,0.3488,0.3593,97.4489
1979,2011-12-21,1003147,TD1501,888.0,0.3224,0.3319,97.5064
1980,2012-01-01,1003147,TD1501,888.0,0.2999,0.308,97.7369
1981,2012-01-11,1003147,TD1501,888.0,0.2838,0.2903,98.068
1982,2012-01-21,1003147,TD1501,888.0,0.2712,0.2775,98.0979
1983,2012-02-01,1003147,TD1501,888.0,0.2584,0.2661,97.5601
1984,2012-02-11,1003147,TD1501,888.0,0.2466,0.2565,96.7534
1985,2012-02-21,1003147,TD1501,888.0,0.2373,0.2488,96.1343
1986,2012-03-01,1003147,TD1501,888.0,0.2308,0.2427,95.9336
1987,2012-03-11,1003147,TD1501,888.0,0.226,0.2383,95.7225
1988,2012-03-21,1003147,TD1501,888.0,0.2241,0.2374,95.366
1989,2012-04-01,1003147,TD1501,888.0,0.2269,0.2402,95.4021
1990,2012-04-11,1003147,TD1501,888.0,0.2341,0.2461,95.946
1991,2012-04-21,1003147,TD1501,888.0,0.2448,0.2549,96.7043
1992,2012-05-01,1003147,TD1501,888.0,0.2599,0.2669,97.786
1993,2012-05-11,1003147,TD1501,888.0,0.2829,0.2831,99.9249
1994,2012-05-21,1003147,TD1501,888.0,0.3195,0.3079,103.2333
1995,2012-06-01,1003147,TD1501,888.0,0.3697,0.3446,106.3792
1996,2012-06-11,1003147,TD1501,888.0,0.4294,0.3924,108.3526
1997,2012-06-21,1003147,TD1501,888.0,0.4983,0.4517,109.2804
1998,2012-07-01,1003147,TD1501,888.0,0.5679,0.5156,109.2409
1999,2012-07-11,1003147,TD1501,888.0,0.6283,0.5762,108.3174
2000,2012-07-21,1003147,TD1501,888.0,0.6742,0.636,105.5694
2001,2012-08-01,1003147,TD1501,888.0,0.701,0.6811,102.7265
2002,2012-08-11,1003147,TD1501,888.0,0.7103,0.7061,100.5566
2003,2012-08-21,1003147,TD1501,888.0,0.7093,0.7147,99.2953
2004,2012-09-01,1003147,TD1501,888.0,0.7034,0.7104,99.0868
2005,2012-09-11,1003147,TD1501,888.0,0.6937,0.6972,99.5229
2006,2012-09-21,1003147,TD1501,888.0,0.6768,0.6765,100.0473
2007,2012-10-01,1003147,TD1501,888.0,0.652,0.6483,100.5322
2008,2012-10-11,1003147,TD1501,888.0,0.6228,0.6132,101.4476
2009,2012-10-21,1003147,TD1501,888.0,0.5888,0.5696,103.1002
2010,2012-11-01,1003147,TD1501,888.0,0.5508,0.5211,105.1847
2011,2012-11-11,1003147,TD1501,888.0,0.5112,0.4745,106.9883
2012,2012-11-21,1003147,TD1501,888.0,0.4703,0.4307,108.2349
2013,2012-12-01,1003147,TD1501,888.0,0.4314,0.3919,108.9275
2014,2012-12-11,1003147,TD1501,888.0,0.3963,0.3593,109.0341
2015,2012-12-21,1003147,TD1501,888.0,0.3649,0.3319,108.634
2016,2013-01-01,1003147,TD1501,888.0,0.336,0.308,107.8292
2017,2013-01-11,1003147,TD1501,888.0,0.3133,0.2903,106.7485
2018,2013-01-21,1003147,TD1501,888.0,0.2949,0.2775,105.324
2019,2013-02-01,1003147,TD1501,888.0,0.2795,0.2661,104.2592
2020,2013-02-11,1003147,TD1501,888.0,0.2685,0.2565,103.8999
2021,2013-02-21,1003147,TD1501,888.0,0.2615,0.2488,104.2374
2022,2013-03-01,1003147,TD1501,888.0,0.2574,0.2427,105.0503
2023,2013-03-11,1003147,TD1501,888.0,0.256,0.2383,106.131
2024,2013-03-21,1003147,TD1501,888.0,0.2576,0.2374,107.0204
2025,2013-04-01,1003147,TD1501,888.0,0.2611,0.2402,107.1672
2026,2013-04-11,1003147,TD1501,888.0,0.2644,0.2461,106.1706
2027,2013-04-21,1003147,TD1501,888.0,0.2699,0.2549,104.9151
2028,2013-05-01,1003147,TD1501,888.0,0.2797,0.2669,104.0438
2029,2013-05-11,1003147,TD1501,888.0,0.2947,0.2831,103.4905
2030,2013-05-21,1003147,TD1501,888.0,0.3189,0.3079,103.068
2031,2013-06-01,1003147,TD1501,888.0,0.3544,0.3446,102.4979
2032,2013-06-11,1003147,TD1501,888.0,0.3983,0.3924,101.3309
2033,2013-06-21,1003147,TD1501,888.0,0.4507,0.4517,99.7917
2034,2013-07-01,1003147,TD1501,888.0,0.5092,0.5156,98.8643
2035,2013-07-11,1003147,TD1501,888.0,0.5696,0.5762,98.94
2036,2013-07-21,1003147,TD1501,888.0,0.6323,0.636,99.4563
2037,2013-08-01,1003147,TD1501,888.0,0.6879,0.6811,100.9307
2038,2013-08-11,1003147,TD1501,888.0,0.7226,0.7061,102.1908
2039,2013-08-21,1003147,TD1501,888.0,0.7361,0.7147,102.7976
2040,2013-09-01,1003147,TD1501,888.0,0.7323,0.7104,102.8814
2041,2013-09-11,1003147,TD1501,888.0,0.7178,0.6972,102.7539
2042,2013-09-21,1003147,TD1501,888.0,0.6952,0.6765,102.5811
2043,2013-10-01,1003147,TD1501,888.0,0.6652,0.6483,102.4197
2044,2013-10-11,1003147,TD1501,888.0,0.6285,0.6132,102.3078
2045,2013-10-21,1003147,TD1501,888.0,0.5849,0.5696,102.4841
2046,2013-11-01,1003147,TD1501,888.0,0.5374,0.5211,102.8418
2047,2013-11-11,1003147,TD1501,888.0,0.4905,0.4745,103.0511
2048,2013-11-21,1003147,TD1501,888.0,0.4456,0.4307,103.0947
2049,2013-12-01,1003147,TD1501,888.0,0.4048,0.3919,102.9109
2050,2013-12-11,1003147,TD1501,888.0,0.3699,0.3593,102.6051
2051,2013-12-21,1003147,TD1501,888.0,0.3403,0.3319,102.2114
2052,2014-01-01,1003147,TD1501,888.0,0.3139,0.308,101.6393
2053,2014-01-11,1003147,TD1501,888.0,0.2941,0.2903,101.1176
2054,2014-01-21,1003147,TD1501,888.0,0.2802,0.2775,100.8239
2055,2014-02-01,1003147,TD1501,888.0,0.2678,0.2661,100.5521
2056,2014-02-11,1003147,TD1501,888.0,0.2583,0.2565,100.5793
2057,2014-02-21,1003147,TD1501,888.0,0.2521,0.2488,101.0855
2058,2014-03-01,1003147,TD1501,888.0,0.2484,0.2427,101.9491
2059,2014-03-11,1003147,TD1501,888.0,0.2474,0.2383,103.1318
2060,2014-03-21,1003147,TD1501,888.0,0.2504,0.2374,104.5155
2061,2014-04-01,1003147,TD1501,888.0,0.258,0.2402,106.1285
2062,2014-04-11,1003147,TD1501,888.0,0.2705,0.2461,108.2459
2063,2014-04-21,1003147,TD1501,888.0,0.2879,0.2549,110.8367
2064,2014-05-01,1003147,TD1501,888.0,0.3079,0.2669,112.9517
2065,2014-05-11,1003147,TD1501,888.0,0.3267,0.2831,113.0852
2066,2014-05-21,1003147,TD1501,888.0,0.3449,0.3079,110.3337
2067,2014-06-01,1003147,TD1501,888.0,0.3683,0.3446,106.0297
2068,2014-06-11,1003147,TD1501,888.0,0.4003,0.3924,101.7687
2069,2014-06-21,1003147,TD1501,888.0,0.4444,0.4517,98.5373
2070,2014-07-01,1003147,TD1501,888.0,0.5007,0.5156,97.3531
2071,2014-07-11,1003147,TD1501,888.0,0.5631,0.5762,97.9
2072,2014-07-21,1003147,TD1501,888.0,0.6244,0.636,98.3093
2073,2014-08-01,1003147,TD1501,888.0,0.673,0.6811,98.8984
2074,2014-08-11,1003147,TD1501,888.0,0.7017,0.7061,99.4205
2075,2014-08-21,1003147,TD1501,888.0,0.7165,0.7147,100.2367
2076,2014-09-01,1003147,TD1501,888.0,0.7185,0.7104,101.0666
2077,2014-09-11,1003147,TD1501,888.0,0.7096,0.6972,101.6535
2078,2014-09-21,1003147,TD1501,888.0,0.6927,0.6765,102.2309
2079,2014-10-01,1003147,TD1501,888.0,0.6695,0.6483,103.0363
2080,2014-10-11,1003147,TD1501,888.0,0.6398,0.6132,104.0184
2081,2014-10-21,1003147,TD1501,888.0,0.5986,0.5696,104.6887
2082,2014-11-01,1003147,TD1501,888.0,0.5489,0.5211,104.8546
2083,2014-11-11,1003147,TD1501,888.0,0.5011,0.4745,105.081
2084,2014-11-21,1003147,TD1501,888.0,0.457,0.4307,105.4585
2085,2014-12-01,1003147,TD1501,888.0,0.4176,0.3919,105.8181
2086,2014-12-11,1003147,TD1501,888.0,0.3839,0.3593,106.008
2087,2014-12-21,1003147,TD1501,888.0,0.3547,0.3319,105.9599
2088,2015-01-01,1003147,TD1501,888.0,0.328,0.308,105.5871
2089,2015-01-11,1003147,TD1501,888.0,0.3074,0.2903,105.0241
2090,2015-01-21,1003147,TD1501,888.0,0.2926,0.2775,104.6197
2091,2015-02-01,1003147,TD1501,888.0,0.2792,0.2661,104.1386
2092,2015-02-11,1003147,TD1501,888.0,0.2666,0.2565,103.2969
2093,2015-02-21,1003147,TD1501,888.0,0.2543,0.2488,101.8161
2094,2015-03-01,1003147,TD1501,888.0,0.2429,0.2427,100.0914
2095,2015-03-11,1003147,TD1501,888.0,0.2346,0.2383,98.7015
2096,2015-03-21,1003147,TD1501,888.0,0.2312,0.2374,97.8155
2097,2015-04-01,1003147,TD1501,888.0,0.2319,0.2402,97.1183
2098,2015-04-11,1003147,TD1501,888.0,0.2359,0.2461,96.5518
2099,2015-04-21,1003147,TD1501,888.0,0.2436,0.2549,96.3051
2100,2015-05-01,1003147,TD1501,888.0,0.2551,0.2669,96.2704
2101,2015-05-11,1003147,TD1501,888.0,0.2684,0.2831,95.595
2102,2015-05-21,1003147,TD1501,888.0,0.2851,0.3079,93.6189
2103,2015-06-01,1003147,TD1501,888.0,0.3094,0.3446,91.101
2104,2015-06-11,1003147,TD1501,888.0,0.3437,0.3924,88.9778
2105,2015-06-21,1003147,TD1501,888.0,0.3895,0.4517,87.6055
2106,2015-07-01,1003147,TD1501,888.0,0.4452,0.5156,87.5501
2107,2015-07-11,1003147,TD1501,888.0,0.5072,0.5762,88.9733
2108,2015-07-21,1003147,TD1501,888.0,0.572,0.636,90.6709
2109,2015-08-01,1003147,TD1501,888.0,0.6292,0.6811,92.9014
2110,2015-08-11,1003147,TD1501,888.0,0.6691,0.7061,95.1134
2111,2015-08-21,1003147,TD1501,888.0,0.6959,0.7147,97.5423
2112,2015-09-01,1003147,TD1501,888.0,0.7088,0.7104,99.7979
2113,2015-09-11,1003147,TD1501,888.0,0.7085,0.6972,101.5025
2114,2015-09-21,1003147,TD1501,888.0,0.696,0.6765,102.6857
2115,2015-10-01,1003147,TD1501,888.0,0.6725,0.6483,103.4729
2116,2015-10-11,1003147,TD1501,888.0,0.6405,0.6132,104.113
2117,2015-10-21,1003147,TD1501,888.0,0.598,0.5696,104.584
2118,2015-11-01,1003147,TD1501,888.0,0.548,0.5211,104.7023
2119,2015-11-11,1003147,TD1501,888.0,0.4972,0.4745,104.3238
2120,2015-11-21,1003147,TD1501,888.0,0.4478,0.4307,103.5462
2121,2015-12-01,1003147,TD1501,888.0,0.4032,0.3919,102.5586
2122,2015-12-11,1003147,TD1501,888.0,0.3658,0.3593,101.5873
2123,2015-12-21,1003147,TD1501,888.0,0.3346,0.3319,100.7128
2124,2016-01-01,1003147,TD1501,888.0,0.3071,0.308,99.7584
2125,2016-01-11,1003147,TD1501,888.0,0.2864,0.2903,98.8357
2126,2016-01-21,1003147,TD1501,888.0,0.2722,0.2775,98.4028
2127,2016-02-01,1003147,TD1501,888.0,0.2607,0.2661,98.3123
2128,2016-02-11,1003147,TD1501,888.0,0.2509,0.2565,98.1674
2129,2016-02-21,1003147,TD1501,888.0,0.2412,0.2488,97.4448
2130,2016-03-01,1003147,TD1501,888.0,0.2324,0.2427,96.4945
2131,2016-03-11,1003147,TD1501,888.0,0.2268,0.2383,96.0034
2132,2016-03-21,1003147,TD1501,888.0,0.2297,0.2374,97.3038
2133,2016-04-01,1003147,TD1501,888.0,0.2392,0.2402,99.643
2134,2016-04-11,1003147,TD1501,888.0,0.25,0.2461,101.336
2135,2016-04-21,1003147,TD1501,888.0,0.2597,0.2549,101.5671
2136,2016-05-01,1003147,TD1501,888.0,0.2704,0.2669,101.1136
2137,2016-05-11,1003147,TD1501,888.0,0.2891,0.2831,101.8122
2138,2016-05-21,1003147,TD1501,888.0,0.3226,0.3079,104.0839
2139,2016-06-01,1003147,TD1501,888.0,0.3724,0.3446,107.0637
2140,2016-06-11,1003147,TD1501,888.0,0.4356,0.3924,109.7517
2141,2016-06-21,1003147,TD1501,888.0,0.5088,0.4517,111.3708
2142,2016-07-01,1003147,TD1501,888.0,0.5821,0.5156,111.7563
2143,2016-07-11,1003147,TD1501,888.0,0.645,0.5762,110.9791
2144,2016-07-21,1003147,TD1501,888.0,0.6904,0.636,107.9266
2145,2016-08-01,1003147,TD1501,888.0,0.7157,0.6811,104.7385
2146,2016-08-11,1003147,TD1501,888.0,0.7257,0.7061,102.5997
2147,2016-08-21,1003147,TD1501,888.0,0.7232,0.7147,101.1083
2148,2016-09-01,1003147,TD1501,888.0,0.7108,0.7104,100.0624
2149,2016-09-11,1003147,TD1501,888.0,0.6926,0.6972,99.3763
2150,2016-09-21,1003147,TD1501,888.0,0.6688,0.6765,98.9404
2151,2016-10-01,1003147,TD1501,888.0,0.6392,0.6483,98.6972
2152,2016-10-11,1003147,TD1501,888.0,0.6027,0.6132,98.4227
2153,2016-10-21,1003147,TD1501,888.0,0.5555,0.5696,97.7367
2154,2016-11-01,1003147,TD1501,888.0,0.502,0.5211,96.6545
2155,2016-11-11,1003147,TD1501,888.0,0.4522,0.4745,95.7565
2156,2016-11-21,1003147,TD1501,888.0,0.4086,0.4307,95.39
2157,2016-12-01,1003147,TD1501,888.0,0.3725,0.3919,95.6132
2158,2016-12-11,1003147,TD1501,888.0,0.3437,0.3593,96.1937
2159,2016-12-21,1003147,TD1501,888.0,0.3204,0.3319,96.9916
2160,2017-01-01,1003147,TD1501,888.0,0.3012,0.308,98.105
2161,2017-01-11,1003147,TD1501,888.0,0.2873,0.2903,99.1171
2162,2017-01-21,1003147,TD1501,888.0,0.2763,0.2775,99.6531
2163,2017-02-01,1003147,TD1501,888.0,0.2663,0.2661,100.0786
2164,2017-02-11,1003147,TD1501,888.0,0.2577,0.2565,100.3738
2165,2017-02-21,1003147,TD1501,888.0,0.2511,0.2488,100.7429
2166,2017-03-01,1003147,TD1501,888.0,0.2457,0.2427,101.021
2167,2017-03-11,1003147,TD1501,888.0,0.2408,0.2383,100.8638
2168,2017-03-21,1003147,TD1501,888.0,0.2382,0.2374,100.2776
2169,2017-04-01,1003147,TD1501,888.0,0.2393,0.2402,99.6597
2170,2017-04-11,1003147,TD1501,888.0,0.2438,0.2461,99.2248
2171,2017-04-21,1003147,TD1501,888.0,0.2514,0.2549,98.8501
2172,2017-05-01,1003147,TD1501,888.0,0.2624,0.2669,98.5908
2173,2017-05-11,1003147,TD1501,888.0,0.279,0.2831,98.7585
2174,2017-05-21,1003147,TD1501,888.0,0.3057,0.3079,99.3885
2175,2017-06-01,1003147,TD1501,888.0,0.3464,0.3446,100.461
2176,2017-06-11,1003147,TD1501,888.0,0.4017,0.3924,102.0991
2177,2017-06-21,1003147,TD1501,888.0,0.4706,0.4517,103.7603
2178,2017-07-01,1003147,TD1501,888.0,0.5468,0.5156,105.5039
2179,2017-07-11,1003147,TD1501,888.0,0.6152,0.5762,106.2282
2180,2017-07-21,1003147,TD1501,888.0,0.6672,0.636,104.5453
2181,2017-08-01,1003147,TD1501,888.0,0.7008,0.6811,102.7005
2182,2017-08-11,1003147,TD1501,888.0,0.716,0.7061,101.3121
2183,2017-08-21,1003147,TD1501,888.0,0.7181,0.7147,100.4526
2184,2017-09-01,1003147,TD1501,888.0,0.7103,0.7104,99.9963
2185,2017-09-11,1003147,TD1501,888.0,0.694,0.6972,99.5729
2186,2017-09-21,1003147,TD1501,888.0,0.668,0.6765,98.8293
2187,2017-10-01,1003147,TD1501,888.0,0.6333,0.6483,97.8525
2188,2017-10-11,1003147,TD1501,888.0,0.5935,0.6132,97.0258
2189,2017-10-21,1003147,TD1501,888.0,0.548,0.5696,96.5236
2190,2017-11-01,1003147,TD1501,888.0,0.5003,0.5211,96.3447
2191,2017-11-11,1003147,TD1501,888.0,0.4557,0.4745,96.4151
2192,2017-11-21,1003147,TD1501,888.0,0.4151,0.4307,96.7446
2193,2017-12-01,1003147,TD1501,888.0,0.3799,0.3919,97.2758
2194,2017-12-11,1003147,TD1501,888.0,0.3512,0.3593,98.0305
2195,2017-12-21,1003147,TD1501,888.0,0.3276,0.3319,98.8742
2196,2018-01-01,1003147,TD1501,888.0,0.3076,0.308,99.8899
2197,2018-01-11,1003147,TD1501,888.0,0.2938,0.2903,101.0113
2198,2018-01-21,1003147,TD1501,888.0,0.2833,0.2775,101.7714
2199,2018-02-01,1003147,TD1501,888.0,0.2724,0.2661,101.9892
2200,2018-02-11,1003147,TD1501,888.0,0.262,0.2565,101.7827
2201,2018-02-21,1003147,TD1501,888.0,0.2538,0.2488,101.6584
2202,2018-03-01,1003147,TD1501,888.0,0.2479,0.2427,101.8038
2203,2018-03-11,1003147,TD1501,888.0,0.2439,0.2383,101.9141
2204,2018-03-21,1003147,TD1501,888.0,0.2416,0.2374,101.4477
2205,2018-04-01,1003147,TD1501,888.0,0.2415,0.2402,100.4357
2206,2018-04-11,1003147,TD1501,888.0,0.2446,0.2461,99.4849
2207,2018-04-21,1003147,TD1501,888.0,0.2513,0.2549,98.8097
2208,2018-05-01,1003147,TD1501,888.0,0.2629,0.2669,98.75
2209,2018-05-11,1003147,TD1501,888.0,0.2809,0.2831,99.3244
2210,2018-05-21,1003147,TD1501,888.0,0.3114,0.3079,100.9576
2211,2018-06-01,1003147,TD1501,888.0,0.3583,0.3446,103.4871
2212,2018-06-11,1003147,TD1501,888.0,0.4204,0.3924,106.3129
2213,2018-06-21,1003147,TD1501,888.0,0.4966,0.4517,108.9547
2214,2018-07-01,1003147,TD1501,888.0,0.5777,0.5156,110.9676
2215,2018-07-11,1003147,TD1501,888.0,0.649,0.5762,111.6274
2216,2018-07-21,1003147,TD1501,888.0,0.7041,0.636,109.9141
2217,2018-08-01,1003147,TD1501,888.0,0.7362,0.6811,107.5394
2218,2018-08-11,1003147,TD1501,888.0,0.7452,0.7061,105.172
2219,2018-08-21,1003147,TD1501,888.0,0.7398,0.7147,103.2896
2220,2018-09-01,1003147,TD1501,888.0,0.7255,0.7104,101.9898
2221,2018-09-11,1003147,TD1501,888.0,0.7063,0.6972,101.2158
2222,2018-09-21,1003147,TD1501,888.0,0.6831,0.6765,100.9152
2223,2018-10-01,1003147,TD1501,888.0,0.6535,0.6483,100.7448
2224,2018-10-11,1003147,TD1501,888.0,0.6171,0.6132,100.5918
2225,2018-10-21,1003147,TD1501,888.0,0.5742,0.5696,100.7495
2226,2018-11-01,1003147,TD1501,888.0,0.5292,0.5211,101.4094
2227,2018-11-11,1003147,TD1501,888.0,0.4878,0.4745,102.5423
2228,2018-11-21,1003147,TD1501,888.0,0.4497,0.4307,103.9506
2229,2018-12-01,1003147,TD1501,888.0,0.4159,0.3919,105.4112
2230,2018-12-11,1003147,TD1501,888.0,0.3863,0.3593,106.6091
2231,2018-12-21,1003147,TD1501,888.0,0.3595,0.3319,107.2412
2232,2019-01-01,1003147,TD1501,888.0,0.3333,0.308,107.0726
2233,2019-01-11,1003147,TD1501,888.0,0.3117,0.2903,106.262
2234,2019-01-21,1003147,TD1501,888.0,0.2952,0.2775,105.4264
2235,2019-02-01,1003147,TD1501,888.0,0.2809,0.2661,104.6731
2236,2019-02-11,1003147,TD1501,888.0,0.2698,0.2565,104.3246
2237,2019-02-21,1003147,TD1501,888.0,0.2621,0.2488,104.45
2238,2019-03-01,1003147,TD1501,888.0,0.2564,0.2427,104.7023
2239,2019-03-11,1003147,TD1501,888.0,0.2516,0.2383,104.5847
2240,2019-03-21,1003147,TD1501,888.0,0.2483,0.2374,103.7862
2241,2019-04-01,1003147,TD1501,888.0,0.248,0.2402,102.6634
2242,2019-04-11,1003147,TD1501,888.0,0.252,0.2461,101.9921
2243,2019-04-21,1003147,TD1501,888.0,0.262,0.2549,102.34
2244,2019-05-01,1003147,TD1501,888.0,0.2811,0.2669,104.476
2245,2019-05-11,1003147,TD1501,888.0,0.3135,0.2831,109.117
2246,2019-05-21,1003147,TD1501,888.0,0.3654,0.3079,116.0472
2247,2019-06-01,1003147,TD1501,888.0,0.4332,0.3446,122.4706
2248,2019-06-11,1003147,TD1501,888.0,0.5014,0.3924,124.6235
2249,2019-06-21,1003147,TD1501,888.0,0.5668,0.4517,122.9417
2250,2019-07-01,1003147,TD1501,888.0,0.629,0.5156,120.0421
2251,2019-07-11,1003147,TD1501,888.0,0.6834,0.5762,117.1056
2252,2019-07-21,1003147,TD1501,888.0,0.7239,0.636,112.803
2253,2019-08-01,1003147,TD1501,888.0,0.7461,0.6811,108.9002
2254,2019-08-11,1003147,TD1501,888.0,0.7509,0.7061,105.936
2255,2019-08-21,1003147,TD1501,888.0,0.742,0.7147,103.5687
2256,2019-09-01,1003147,TD1501,888.0,0.726,0.7104,102.0582
2257,2019-09-11,1003147,TD1501,888.0,0.7084,0.6972,101.4894
2258,2019-09-21,1003147,TD1501,888.0,0.6899,0.6765,101.8446
2259,2019-10-01,1003147,TD1501,888.0,0.6709,0.6483,103.2353
2260,2019-10-11,1003147,TD1501,888.0,0.6499,0.6132,105.5333
2261,2019-10-21,1003147,TD1501,888.0,0.6232,0.5696,108.6508
2262,2019-11-01,1003147,TD1501,888.0,0.5898,0.5211,112.0267
2263,2019-11-11,1003147,TD1501,888.0,0.5518,0.4745,114.7427
2264,2019-11-21,1003147,TD1501,888.0,0.5111,0.4307,116.7156
2265,2019-12-01,1003147,TD1501,888.0,0.4708,0.3919,117.8466
2266,2019-12-11,1003147,TD1501,888.0,0.4331,0.3593,118.0424
2267,2019-12-21,1003147,TD1501,888.0,0.3984,0.3319,117.4069
2268,2020-01-01,1003147,TD1501,888.0,0.3648,0.308,115.8663
2269,2020-01-11,1003147,TD1501,888.0,0.3384,0.2903,114.1351
2270,2020-01-21,1003147,TD1501,888.0,0.3198,0.2775,112.9334
2271,2020-02-01,1003147,TD1501,888.0,0.3041,0.2661,112.0336
2272,2020-02-11,1003147,TD1501,888.0,0.2912,0.2565,111.3055
2273,2020-02-21,1003147,TD1501,888.0,0.2802,0.2488,110.4939
2274,2020-03-01,1003147,TD1501,888.0,0.2705,0.2427,109.5161
2275,2020-03-11,1003147,TD1501,888.0,0.2626,0.2383,108.4104
2276,2020-03-21,1003147,TD1501,888.0,0.2588,0.2374,107.4436
2277,2020-04-01,1003147,TD1501,888.0,0.2605,0.2402,106.9799
2278,2020-04-11,1003147,TD1501,888.0,0.2665,0.2461,106.8946
2279,2020-04-21,1003147,TD1501,888.0,0.2748,0.2549,106.5129
2280,2020-05-01,1003147,TD1501,888.0,0.2855,0.2669,105.8626
2281,2020-05-11,1003147,TD1501,888.0,0.3021,0.2831,105.6993
2282,2020-05-21,1003147,TD1501,888.0,0.3296,0.3079,106.0565
2283,2020-06-01,1003147,TD1501,888.0,0.3721,0.3446,106.9705
2284,2020-06-11,1003147,TD1501,888.0,0.4299,0.3924,108.4674
2285,2020-06-21,1003147,TD1501,888.0,0.5028,0.4517,110.1735
2286,2020-07-01,1003147,TD1501,888.0,0.5819,0.5156,111.7122
2287,2020-07-11,1003147,TD1501,888.0,0.6571,0.5762,112.9109
2288,2020-07-21,1003147,TD1501,888.0,0.7166,0.636,111.7443
2289,2020-08-01,1003147,TD1501,888.0,0.7491,0.6811,109.3106
2290,2020-08-11,1003147,TD1501,888.0,0.756,0.7061,106.6046
2291,2020-08-21,1003147,TD1501,888.0,0.746,0.7147,104.0931
2292,2020-09-01,1003147,TD1501,888.0,0.7287,0.7104,102.411
2293,2020-09-11,1003147,TD1501,888.0,0.7102,0.6972,101.7314
2294,2020-09-21,1003147,TD1501,888.0,0.69,0.6765,101.8581
2295,2020-10-01,1003147,TD1501,888.0,0.6662,0.6483,102.5706
2296,2020-10-11,1003147,TD1501,888.0,0.6376,0.6132,103.6856
2297,2020-10-21,1003147,TD1501,888.0,0.6008,0.5696,105.0448
2298,2020-11-01,1003147,TD1501,888.0,0.5581,0.5211,106.4775
2299,2020-11-11,1003147,TD1501,888.0,0.5154,0.4745,107.7932
2300,2020-11-21,1003147,TD1501,888.0,0.474,0.4307,109.002
2301,2020-12-01,1003147,TD1501,888.0,0.4364,0.3919,110.0505
2302,2020-12-11,1003147,TD1501,888.0,0.4033,0.3593,110.7427
2303,2020-12-21,1003147,TD1501,888.0,0.3743,0.3319,111.1133
2304,2021-01-01,1003147,TD1501,888.0,0.3478,0.308,111.1195
2305,2021-01-11,1003147,TD1501,888.0,0.3275,0.2903,110.9258
2306,2021-01-21,1003147,TD1501,888.0,0.3123,0.2775,110.6418
2307,2021-02-01,1003147,TD1501,888.0,0.299,0.2661,110.4193
2308,2021-02-11,1003147,TD1501,888.0,0.2878,0.2565,110.205
2309,2021-02-21,1003147,TD1501,888.0,0.2791,0.2488,110.1098
2310,2021-03-01,1003147,TD1501,888.0,0.2723,0.2427,110.1265
2311,2021-03-11,1003147,TD1501,888.0,0.2673,0.2383,110.0507
2312,2021-03-21,1003147,TD1501,888.0,0.2658,0.2374,109.873
2313,2021-04-01,1003147,TD1501,888.0,0.2676,0.2402,109.432
2314,2021-04-11,1003147,TD1501,888.0,0.2717,0.2461,108.6546
2315,2021-04-21,1003147,TD1501,888.0,0.2794,0.2549,108.0297
2316,2021-05-01,1003147,TD1501,888.0,0.2917,0.2669,107.8279
2317,2021-05-11,1003147,TD1501,888.0,0.3085,0.2831,107.6258
2318,2021-05-21,1003147,TD1501,888.0,0.332,0.3079,106.7223
2319,2021-06-01,1003147,TD1501,888.0,0.3671,0.3446,105.7107
2320,2021-06-11,1003147,TD1501,888.0,0.4172,0.3924,105.606
2321,2021-06-21,1003147,TD1501,888.0,0.4824,0.4517,106.1158
2322,2021-07-01,1003147,TD1501,888.0,0.5578,0.5156,107.4513
2323,2021-07-11,1003147,TD1501,888.0,0.6357,0.5762,109.5032
2324,2021-07-21,1003147,TD1501,888.0,0.7031,0.636,109.7816
2325,2021-08-01,1003147,TD1501,888.0,0.7433,0.6811,108.5169
2326,2021-08-11,1003147,TD1501,888.0,0.7561,0.7061,106.6159
2327,2021-08-21,1003147,TD1501,888.0,0.7493,0.7147,104.5268
2328,2021-09-01,1003147,TD1501,888.0,0.73,0.7104,102.5862
2329,2021-09-11,1003147,TD1501,888.0,0.7066,0.6972,101.25
2330,2021-09-21,1003147,TD1501,888.0,0.6814,0.6765,100.6862
2331,2021-10-01,1003147,TD1501,888.0,0.6535,0.6483,100.7471
2332,2021-10-11,1003147,TD1501,888.0,0.6202,0.6132,101.0591
2333,2021-10-21,1003147,TD1501,888.0,0.5791,0.5696,101.5444
2334,2021-11-01,1003147,TD1501,888.0,0.5349,0.5211,102.4021
2335,2021-11-11,1003147,TD1501,888.0,0.493,0.4745,103.5186
2336,2021-11-21,1003147,TD1501,888.0,0.4518,0.4307,104.386
2337,2021-12-01,1003147,TD1501,888.0,0.4131,0.3919,104.7956
2338,2021-12-11,1003147,TD1501,888.0,0.3788,0.3593,104.7597
2339,2021-12-21,1003147,TD1501,888.0,0.349,0.3319,104.4804
2340,2022-01-01,1003147,TD1501,888.0,0.3221,0.308,103.9418
2341,2022-01-11,1003147,TD1501,888.0,0.3024,0.2903,103.5391
2342,2022-01-21,1003147,TD1501,888.0,0.2893,0.2775,103.6221
2343,2022-02-01,1003147,TD1501,888.0,0.2786,0.2661,103.9468
2344,2022-02-11,1003147,TD1501,888.0,0.2699,0.2565,104.354
2345,2022-02-21,1003147,TD1501,888.0,0.2626,0.2488,104.608
2346,2022-03-01,1003147,TD1501,888.0,0.2568,0.2427,104.8342
2347,2022-03-11,1003147,TD1501,888.0,0.2528,0.2383,105.0206
2348,2022-03-21,1003147,TD1501,888.0,0.2525,0.2374,105.2496
2349,2022-04-01,1003147,TD1501,888.0,0.2575,0.2402,105.9598
2350,2022-04-11,1003147,TD1501,888.0,0.2668,0.2461,106.9819
2351,2022-04-21,1003147,TD1501,888.0,0.2777,0.2549,107.4665
2352,2022-05-01,1003147,TD1501,888.0,0.2876,0.2669,106.5186
2353,2022-05-11,1003147,TD1501,888.0,0.2977,0.2831,104.3833
2354,2022-05-21,1003147,TD1501,888.0,0.3131,0.3079,101.4334
2355,2022-06-01,1003147,TD1501,888.0,0.3396,0.3446,98.747
2356,2022-06-11,1003147,TD1501,888.0,0.3821,0.3924,97.6672
2357,2022-06-21,1003147,TD1501,888.0,0.4441,0.4517,98.479
2358,2022-07-01,1003147,TD1501,888.0,0.5219,0.5156,101.1
2359,2022-07-11,1003147,TD1501,888.0,0.6052,0.5762,104.626
2360,2022-07-21,1003147,TD1501,888.0,0.6762,0.636,105.8593
2361,2022-08-01,1003147,TD1501,888.0,0.7193,0.6811,105.235
2362,2022-08-11,1003147,TD1501,888.0,0.7356,0.7061,103.9085
2363,2022-08-21,1003147,TD1501,888.0,0.7348,0.7147,102.6251
2364,2022-09-01,1003147,TD1501,888.0,0.7241,0.7104,101.8041
2365,2022-09-11,1003147,TD1501,888.0,0.7095,0.6972,101.6464
2366,2022-09-21,1003147,TD1501,888.0,0.6927,0.6765,102.2328
2367,2022-10-01,1003147,TD1501,888.0,0.6724,0.6483,103.4495
2368,2022-10-11,1003147,TD1501,888.0,0.6469,0.6132,105.0904
2369,2022-10-21,1003147,TD1501,888.0,0.6133,0.5696,107.0564
2370,2022-11-01,1003147,TD1501,888.0,0.5744,0.5211,109.3164
2371,2022-11-11,1003147,TD1501,888.0,0.5331,0.4745,111.1683
2372,2022-11-21,1003147,TD1501,888.0,0.4914,0.4307,112.6229
2373,2022-12-01,1003147,TD1501,888.0,0.4529,0.3919,113.8055
2374,2022-12-11,1003147,TD1501,888.0,0.4191,0.3593,114.6033
2375,2022-12-21,1003147,TD1501,888.0,0.389,0.3319,114.9493
2376,2023-01-01,1003147,TD1501,888.0,0.3608,0.308,114.743
2377,2023-01-11,1003147,TD1501,888.0,0.3379,0.2903,113.9692
2378,2023-01-21,1003147,TD1501,888.0,0.3202,0.2775,113.0424
2379,2023-02-01,1003147,TD1501,888.0,0.3047,0.2661,112.2249
2380,2023-02-11,1003147,TD1501,888.0,0.2928,0.2565,111.8427
2381,2023-02-21,1003147,TD1501,888.0,0.2845,0.2488,111.9279
2382,2023-03-01,1003147,TD1501,888.0,0.2787,0.2427,112.3279
2383,2023-03-11,1003147,TD1501,888.0,0.2748,0.2383,112.6471
2384,2023-03-21,1003147,TD1501,888.0,0.273,0.2374,112.3686
2385,2023-04-01,1003147,TD1501,888.0,0.2738,0.2402,111.5727
2386,2023-04-11,1003147,TD1501,888.0,0.2791,0.2461,111.1434
2387,2023-04-21,1003147,TD1501,888.0,0.2913,0.2549,111.9499
2388,2023-05-01,1003147,TD1501,888.0,0.3145,0.2669,115.0113
2389,2023-05-11,1003147,TD1501,888.0,0.3513,0.2831,120.4811
2390,2023-05-21,1003147,TD1501,888.0,0.4099,0.3079,128.4992
2391,2023-06-01,1003147,TD1501,888.0,0.4895,0.3446,136.7327
2392,2023-06-11,1003147,TD1501,888.0,0.5749,0.3924,141.243
2393,2023-06-21,1003147,TD1501,888.0,0.6491,0.4517,139.3487
2394,2023-07-01,1003147,TD1501,888.0,0.7026,0.5156,133.0543
2395,2023-07-11,1003147,TD1501,888.0,0.7357,0.5762,125.4649
2396,2023-07-21,1003147,TD1501,888.0,0.7529,0.636,117.0365
2397,2023-08-01,1003147,TD1501,888.0,0.7576,0.6811,110.471
2398,2023-08-11,1003147,TD1501,888.0,0.7532,0.7061,106.2286
2399,2023-08-21,1003147,TD1501,888.0,0.7426,0.7147,103.6528
2400,2023-09-01,1003147,TD1501,888.0,0.7251,0.7104,101.9412
2401,2023-09-11,1003147,TD1501,888.0,0.7036,0.6972,100.8488
2402,2023-09-21,1003147,TD1501,888.0,0.6779,0.6765,100.1987
2403,2023-10-01,1003147,TD1501,888.0,0.6471,0.6483,99.8283
2404,2023-10-11,1003147,TD1501,888.0,0.6106,0.6132,99.6168
2405,2023-10-21,1003147,TD1501,888.0,0.5689,0.5696,99.8858
2406,2023-11-01,1003147,TD1501,888.0,0.5249,0.5211,100.6563
2407,2023-11-11,1003147,TD1501,888.0,0.4826,0.4745,101.547
2408,2023-11-21,1003147,TD1501,888.0,0.4433,0.4307,102.6174
2409,2023-12-01,1003147,TD1501,888.0,0.4089,0.3919,103.8482
2410,2023-12-11,1003147,TD1501,888.0,0.3795,0.3593,104.9287
2411,2023-12-21,1003147,TD1501,888.0,0.3536,0.3319,105.6798
2412,2024-01-01,1003147,TD1501,888.0,0.3289,0.308,105.853
2413,2024-01-11,1003147,TD1501,888.0,0.3091,0.2903,105.5165
2414,2024-01-21,1003147,TD1501,888.0,0.2941,0.2775,105.0841
2415,2024-02-01,1003147,TD1501,888.0,0.2808,0.2661,104.6544
2416,2024-02-11,1003147,TD1501,888.0,0.2697,0.2565,104.3073
2417,2024-02-21,1003147,TD1501,888.0,0.2597,0.2488,103.6298
2418,2024-03-01,1003147,TD1501,888.0,0.2518,0.2427,103.1267
2419,2024-03-11,1003147,TD1501,888.0,0.2472,0.2383,103.0751
2420,2024-03-21,1003147,TD1501,888.0,0.2465,0.2374,103.1441
2421,2024-04-01,1003147,TD1501,888.0,0.2495,0.2402,103.1826
2422,2024-04-11,1003147,TD1501,888.0,0.2549,0.2461,102.9827
2423,2024-04-21,1003147,TD1501,888.0,0.2618,0.2549,102.2749
2424,2024-05-01,1003147,TD1501,888.0,0.2694,0.2669,100.7998
2425,2024-05-11,1003147,TD1501,888.0,0.2821,0.2831,99.6952
2426,2024-05-21,1003147,TD1501,888.0,0.3084,0.3079,100.1384
2427,2024-06-01,1003147,TD1501,888.0,0.3538,0.3446,102.3528
2428,2024-06-11,1003147,TD1501,888.0,0.4187,0.3924,105.9291
2429,2024-06-21,1003147,TD1501,888.0,0.5013,0.4517,109.8759
2430,2024-07-01,1003147,TD1501,888.0,0.5894,0.5156,113.0365
2431,2024-07-11,1003147,TD1501,888.0,0.6674,0.5762,114.5514
2432,2024-07-21,1003147,TD1501,888.0,0.7243,0.636,112.8615
2433,2024-08-01,1003147,TD1501,888.0,0.7501,0.6811,109.4498
2434,2024-08-11,1003147,TD1501,888.0,0.7513,0.7061,105.9783
2435,2024-08-21,1003147,TD1501,888.0,0.7366,0.7147,102.8692
2436,2024-09-01,1003147,TD1501,888.0,0.717,0.7104,100.875
2437,2024-09-11,1003147,TD1501,888.0,0.7002,0.6972,100.3946
2438,2024-09-21,1003147,TD1501,888.0,0.6862,0.6765,101.3428
2439,2024-10-01,1003147,TD1501,888.0,0.6726,0.6483,103.475
2440,2024-10-11,1003147,TD1501,888.0,0.6542,0.6132,106.1788
2441,2024-10-21,1003147,TD1501,888.0,0.6249,0.5696,108.938
2442,2024-11-01,1003147,TD1501,888.0,0.5864,0.5211,111.4186
2443,2024-11-11,1003147,TD1501,888.0,0.5462,0.4745,113.6654
2444,2024-11-21,1003147,TD1501,888.0,0.5056,0.4307,115.5774
2445,2024-12-01,1003147,TD1501,888.0,0.4681,0.3919,117.2229
2446,2024-12-11,1003147,TD1501,888.0,0.4353,0.3593,118.561
2447,2024-12-21,1003147,TD1501,888.0,0.406,0.3319,119.3935
2448,2025-01-01,1003147,TD1501,888.0,0.3777,0.308,119.4801
2449,2025-01-11,1003147,TD1501,888.0,0.3546,0.2903,118.8816
2450,2025-01-21,1003147,TD1501,888.0,0.3355,0.2775,117.7194
2451,2025-02-01,1003147,TD1501,888.0,0.3181,0.2661,116.4656
2452,2025-02-11,1003147,TD1501,888.0,0.3032,0.2565,115.243
2453,2025-02-21,1003147,TD1501,888.0,0.2919,0.2488,114.3924
2454,2025-03-01,1003147,TD1501,888.0,0.2824,0.2427,113.5876
